path,bytes,sha256
06_ASSETS/ASSET_RULES.md,938,9d9877b5ef8820eaf2868950c60f8699abde52b0aec06b94ad36706758114c9a
06_ASSETS/brand/memoly-cloud-stars-legacy.webp,5790,3ca50c216a59fcb9614c0a13a595dbf4d71ccb3d91c0a286f3d244e1034952a1
06_ASSETS/brand/memoly-logo-correct.png,312641,c88035c87d1005618aa40cc6e3704692663a6aea50aae1c5ea51562b06c06fd5
06_ASSETS/brand/memoly-logo-correct.webp,113698,55638b8e2156f7b1b7c82d4362c963aa8236502c8109c5d981c51b81f62294e4
06_ASSETS/brand/memoly-ly-mark.png,751065,cb4163713ae8d3f4b43ed27fe7e48dac55e72f604cd6b1f2873b4124f0084089
06_ASSETS/brand/memoly-ly-mark.webp,151940,115c2c0bbb294174ad502b89b7f687a7977c59a174dee6e8fe62d99c770a22d1
06_ASSETS/icons/chevron-active@2x.webp,334,dfe99d3615d2a13481801b507c16bd9091e9b8a9f7b5a9c8a389ee9a262e80c2
06_ASSETS/icons/chevron-active@3x.webp,456,56c1e6c1b3924b99109651a09f5e3b1f9bad0013afd5626eccaf047e152ff045
06_ASSETS/icons/chevron-default@2x.webp,336,de581e857c36b4d84ad5a5f7b0fd6fb6171602af8aa74ba8bf54b779e1655bb0
06_ASSETS/icons/chevron-default@3x.webp,462,f5be384cacbb8cdb09a518331de7b3c02dcd1ff19f61790a2e00ed50babcf4e8
06_ASSETS/icons/close-active@2x.webp,508,05590315126f8d9c59a64a55dd0b6f48c3a2b4bd1aa8d95ce95eee8502e2ff45
06_ASSETS/icons/close-active@3x.webp,710,05900e3c588fd4ad057be4d428c2171e69ff5ca8130a2f3873b4ebe004ba36ef
06_ASSETS/icons/close-default@2x.webp,508,303664c6c8f4a55fff3a8a33a3419708d3e23b03dd3d4715c05b8ab91b47ed8f
06_ASSETS/icons/close-default@3x.webp,698,b7bd08f4922290d4e5d1edc46d7a770689c13419368b23329a80920f1c1e443f
06_ASSETS/icons/family-active@2x.webp,1704,6a481a582efc0e5565d405680d95057ef52d3c121b32cc14bcc7ec2024b497b3
06_ASSETS/icons/family-active@3x.webp,2808,6fca33573e7f3ef959132115afa9544352fab4bbcccd81e8a1aef9f3f522d9dc
06_ASSETS/icons/family-default@2x.webp,1682,3bc2771b96abdbde8c317a66c51e9b13394eacb2185afd9f66463da27e26db23
06_ASSETS/icons/family-default@3x.webp,2704,0cc638e2060f8793891d3940f9b52805231787442c2b99ed170e3698319fcd0d
06_ASSETS/icons/gear-active@2x.webp,736,4097d1d20555c4b835ece66af33db640c941a3d284b390d2fac0aa72cd861e20
06_ASSETS/icons/gear-active@3x.webp,1026,67c8c2b31d2d6c1a6a894f4f9021ca1cef45fc9116da13cb60562ee9fd30be69
06_ASSETS/icons/gear-default@2x.webp,774,5a29561b42e03526bc24bdda2c58388bd06737610a2adfa47ed7837d56178a07
06_ASSETS/icons/gear-default@3x.webp,1080,537a1f502658c83269080ae03aeb287468ce67f9c24e5b970cee7e3b3d50cacb
06_ASSETS/icons/heart-active@2x.webp,1168,58d01c446b29b77c05be36a9d2b81fd84818e7d5358602cfe3b4e7b0926af5bb
06_ASSETS/icons/heart-active@3x.webp,2032,69021607481531f8e223e0d2f541d04c19010e08e9267c619accbd9f624f50c5
06_ASSETS/icons/heart-default@2x.webp,1148,4131f6f82ac10a8222e457a155b364676e57e3825e28c372cd4402efc030d468
06_ASSETS/icons/heart-default@3x.webp,1924,39e1db4078de252fad053983d1780756e0bab85d8605b7c8ad0d53623400a090
06_ASSETS/icons/heart-filled-active@2x.webp,770,c76783d86feb726bbbbc8b5bf7d52af78571c44f75286c2cf0f69a092088aaae
06_ASSETS/icons/heart-filled-active@3x.webp,1180,c054771abc19766ec3365ac18a2188b360b0438eedffb3deb1f2e76fe2aedeba
06_ASSETS/icons/heart-filled-default@2x.webp,758,62b0441007eafcddef195114878eee48d068713c87d93e6d1501c991ddafac91
06_ASSETS/icons/heart-filled-default@3x.webp,1148,98aeb637d9053686c93e2dc4fb95a1ea31d9d3aeaf88c10139d30b3594b1118f
06_ASSETS/icons/heart-filled-white@2x.webp,508,b8904b0f8917ed1a4b645999b1837858b0efb19297aa61e92244816bcd5d0d1c
06_ASSETS/icons/heart-filled-white@3x.webp,780,10efc67187166076d27fc1511b9b5e0171a2edb43d81e17ef1fbf7d66189bb25
06_ASSETS/icons/heart-white@2x.webp,766,c6a8eae795daff7ca3b837e7e834c8e69b64166af62df64efd66bcc09f16ca0b
06_ASSETS/icons/heart-white@3x.webp,1282,6354df1a450c88ecb9fbe831248abd840d75652450f6a742a0b6adccb1853812
06_ASSETS/icons/home-active@2x.webp,992,f5d9606a5c1530984e702c733896c66f9adf1f89d4d1435999d81247a942707e
06_ASSETS/icons/home-active@3x.webp,1472,5f368a0deaae17f56fa73e146af86e2cdb690a6782ea275292757b040345adc9
06_ASSETS/icons/home-default@2x.webp,964,fe7004a969fd18c7fcce22a9efb4292a03ebbb1d23d32e17debe1d460c04f278
06_ASSETS/icons/home-default@3x.webp,1402,9daaa08880975e112f3dc27576161e1dde8f1b58f1a8d0d5c1737fafd4dc408e
06_ASSETS/icons/info-active@2x.webp,1664,5deb69a8ab514e13017541d41636f526f0e9d2f5501f1e9596b11960df248363
06_ASSETS/icons/info-active@3x.webp,2588,e318148aed6d0f15c7ad348ecb3075820fefce9ecb05b893cc1041b25f2fab22
06_ASSETS/icons/info-default@2x.webp,1618,e6e59cb7a9a35cc87b96849ad0fa46d74942a82c20e3917ea65edb1793667768
06_ASSETS/icons/info-default@3x.webp,2544,b1492e935cf6e16115024d15dbf323e73439659293a20b4676109541ea153f38
06_ASSETS/icons/lock-active@2x.webp,1204,489d532e5c809b817126a2b0bd4b8e97f63f4e35019860716a027096ccf40065
06_ASSETS/icons/lock-active@3x.webp,1720,105553084bd9af1b532f1d69ccfe5d08b2dc9137d225cbbae06c8b522553222c
06_ASSETS/icons/lock-default@2x.webp,1176,1527948ebdb7a1b957fe7e97a4e2016e10de084a59ceb21a9b6cb08af60bc2bd
06_ASSETS/icons/lock-default@3x.webp,1692,23fe08e17e9295e27af21aa216ce62aca5c58452923b0f17bda3b2f720374009
06_ASSETS/icons/more-active@2x.webp,166,53d1b1a2111089104ca4c35d376ac94c7b5319097388a333e1005a2b2ffcd227
06_ASSETS/icons/more-active@3x.webp,216,6c5e53a27c0efe6f6d863cbc584b907017334f130b9637e0c2a2763f98d5c846
06_ASSETS/icons/more-default@2x.webp,172,e99f86cd609b90c5d28782c03721f6156e7d1567683f8ffa8588c0f8f715fe30
06_ASSETS/icons/more-default@3x.webp,228,d2867232d5806b5225ce294f34da2f1045db5cc2289de6bc6be07d6ec9f37b04
06_ASSETS/icons/note-active@2x.webp,780,9377757b4960b01a5bc45970dd7bb8ef865a7dc5558be44ea88531a4bb460488
06_ASSETS/icons/note-active@3x.webp,972,17c72e7178a536aec9642342ab9254cbee792f01f8bedc77652790581bfd1c23
06_ASSETS/icons/note-default@2x.webp,744,f514df41ef57fe30bb5795a72ab048807ab740193436d91a14c8daf1ab36bc58
06_ASSETS/icons/note-default@3x.webp,944,8a8d08b3318826d2f8fd3412233fb043da69bf7bfa8b585f1c2d26680588404d
06_ASSETS/icons/photo-active@2x.webp,1200,f57f792e758becb27b508659cb5ae179e735b01848799dc5251fb386bf7643a9
06_ASSETS/icons/photo-active@3x.webp,1590,93193bed9554424f4b3df44de82c569ef8b05e6abd6613f7263caca42dd756a1
06_ASSETS/icons/photo-default@2x.webp,1186,f2266f8d190fa5081614e4453a7ad6cc0b5e2eb931bcdb97b88b78d075d5b343
06_ASSETS/icons/photo-default@3x.webp,1506,e6071e015b22890a1a22493ceb072935da4373ce1077c34a136e393717d1ee7c
06_ASSETS/icons/play-active@2x.webp,540,22b697cf48233ef569098b9b41d15a709179fa382be2d45826f39646a201a85e
06_ASSETS/icons/play-active@3x.webp,852,049c8a86f815481e9a39d333afa7d53f13d642d781a013b7b1ea944789d93fbd
06_ASSETS/icons/play-default@2x.webp,522,e011ac555ad0c9b8505f06a7efbbbbc56c7f9c8ebb1b22632e267919ef5d0675
06_ASSETS/icons/play-default@3x.webp,826,557ee6863c6c9383c767a972312b41c49cd6c01e870acbb31cf45eed6fa58d66
06_ASSETS/icons/play-white@2x.webp,320,f045161d787e8d3ad68047512f98fd6b897c1a6d20508356ff90e22495883761
06_ASSETS/icons/play-white@3x.webp,500,1f7a2713cfb303864cfc94aa15608145050b1870084e3e6f5d3b752fca51481f
06_ASSETS/icons/plus-active@2x.webp,382,9dc7e8de98ed47982913b1a15c37c9760547c24a7c63e4c7aa779a279ba593e0
06_ASSETS/icons/plus-active@3x.webp,448,98d0ed29878f809310a642531a78450cc2360ac61aff83150f5e938f5cac433a
06_ASSETS/icons/plus-default@2x.webp,358,59497ceef93b35395a6eab3c17e0daf56bc3ee6f870e5f570d3b1a4a37e79c21
06_ASSETS/icons/plus-default@3x.webp,458,7c7c19243152e9519cbff7487eea27618e8d170f1f9ada4296e188c27893d486
06_ASSETS/icons/retry-active@2x.webp,1360,0d334ba2fb1ec7c0ea64cc9351de4d2337f64386cd031d64a275b3cce9ef8d3a
06_ASSETS/icons/retry-active@3x.webp,2102,d0c04507a0e6daa65e97e55222e40db1d52c268e8ee3cfcef906de7e5a37ad05
06_ASSETS/icons/retry-default@2x.webp,1298,96b7b2e42cfe4965d3565b64b3a95c776b287ef3c99521423679924da5777733
06_ASSETS/icons/retry-default@3x.webp,2054,b6c87317c1137f63096635a69bc5f398ca3181e22f56e93b1e3f1af97baafc4e
06_ASSETS/icons/star-active@2x.webp,782,2d3c4d545f1ea66b02758fb6009873fc40d9b7788ec3ea344df80346bcb7e662
06_ASSETS/icons/star-active@3x.webp,1046,fa8bed14877620671cac65aacee542aacd10a2635a4a358c6b5f8f3faf5b11ed
06_ASSETS/icons/star-default@2x.webp,798,63b5aa4fda5a8004f177f3cce157b26110c6153066a37ecdb385b7b23a61ecff
06_ASSETS/icons/star-default@3x.webp,1068,36490e6ba0856a1d2e55361effd06f0039b4d9d8b26fa9f318a9faa6be8afcfd
06_ASSETS/icons/video-active@2x.webp,914,73f8c9e9c9475a996d746ef671a7d6c947dec1a329d0e960d53f3e00d30f4d22
06_ASSETS/icons/video-active@3x.webp,1226,94742591042331dc36bc5c60baeace23bd9be42dd6d60666693e5b6d35ce1e0a
06_ASSETS/icons/video-default@2x.webp,916,4b7345f21ab077df663bb6256e870ed8bb86b55aab5dc32fbaaaf45fa57256a6
06_ASSETS/icons/video-default@3x.webp,1212,c1d1b60df9ed3e234604ec62a4405efdd0579c84ff022a161ccc5be38ce844d7
06_ASSETS/icons/voice-active@2x.webp,1428,e6df87ca913cae23db4bec349e3cd7764237726473f2d4365edcbc2e82705358
06_ASSETS/icons/voice-active@3x.webp,2184,481a5061a533fcf30a28453fdcac152aea57947f51b6155b871fe5ac639541b2
06_ASSETS/icons/voice-default@2x.webp,1342,39a5386273bd3930fae81074545e0e7fdb5d5d14abb368b279f51c5aca8f0e84
06_ASSETS/icons/voice-default@3x.webp,2162,8020530a6f2e547880cddc2315473f488da49c57ffe57ae1fd5f8e239f1f5e53
06_ASSETS/icons/warning-active@2x.webp,1188,9f95b85c82d6c3cbdb16222b3c16cedc0f90e52ada20ef1b2ee0e9aa3f7beab7
06_ASSETS/icons/warning-active@3x.webp,2142,ef075ff5faaa75116596ab416466c9f54d95d5360ff5d59368bbca8bc5f56bff
06_ASSETS/icons/warning-default@2x.webp,1198,6300dd1d11cde6ead8db3db11119ece4077ee071fe312e1139349226d9ca2091
06_ASSETS/icons/warning-default@3x.webp,2078,b39815d254522b38aaa69b66f0f9e7b9792bb640b46793002afdb3e5040ef2e7
06_ASSETS/theme-header/original/apricot.png,1177942,8827ff8949586a4e00f03978bffa892f93c65abff0c32ba31e87407025ab6492
06_ASSETS/theme-header/original/lavender.png,1155332,756ded68ad5a1d2597d751457c231b31148b19f74c1f5f5373b534ab782e2500
06_ASSETS/theme-header/original/mint.png,1454644,041be4ac1a97dffc78506ad4bf9a2dfd69ca6738349f8672e4f785d04fb4ea75
06_ASSETS/theme-header/original/rose.png,1242574,daad19898e162603794fc12f72c593549115fe3977b43b81217966c23c3ed453
06_ASSETS/theme-header/original/sand.png,1603484,94896ba6ad5c6b2239ba75aeea6c9f761b0dc324f53ad6f5a3a1be1281ef7184
06_ASSETS/theme-header/original/sky.png,1150590,d955c09efc859aa9dd8b6f439d11d4dcccbebfbd21fb69599df71f804458c846
06_ASSETS/theme-header/theme-contact-sheet.jpg,62868,2b61ac6cd6761d9fdbd67b0b1f4016c9a91eba7e1a4cbd980ef52da2fbd71bf6
06_ASSETS/theme-header/web/apricot.webp,10396,9c962908c7835a25583f68c729edc47687b6a1d75eca9da304a08dc1e7eb8671
06_ASSETS/theme-header/web/lavender.webp,8044,c2eb7ad36fd8922958788b59179065c044042b5523c84d9c64cc746f639000bf
06_ASSETS/theme-header/web/mint.webp,12318,3d9e43f43b5035ff532940ca061475ed62068ebbbe810e46f9c0979405523159
06_ASSETS/theme-header/web/rose.webp,11086,8e851c4760faaddbc3eafcdf1b916039eb1bbdf6ea01c8d1c9f934f88676677a
06_ASSETS/theme-header/web/sand.webp,16502,88c357949ff4317d428c1604d4e7ffb89dffd2a2fd01f1228c71b15b70d035bb
06_ASSETS/theme-header/web/sky.webp,10244,46ddfd4b7f11de4a4ee776c2ec70cee0b4231bddb6fe6e092324956238f89c56
